app_name,data,star,avaliacoes_totais,downloads_totais
GRUPO PARADIGMA SC,2024-07-15,,0,10
Cattoni Condomínios,2024-07-15,"4,9",18,1000
Winker - Água/Gás,2024-07-15,"4,6",52,1000
Orsegups - Meu Condomínio,2024-07-15,"4,4",303,10000
Winker,2024-07-15,"4,5",2540,100000
Parceria Condomínios,2024-07-15,"3,4",5,1000
Sensato Condomínios,2024-07-15,"4,5",11,500
Liderança Condomínios,2024-07-15,,0,100
Trato Online,2024-07-15,,0,50
Parteli Gestão Predial,2024-07-15,,0,100
Portal Exato,2024-07-15,"4,6",66,1000
Intuitive Condomínios,2024-07-15,"4,5",77,5000
Novara Adm,2024-07-15,,0,10
Excel Condomínio Digital,2024-07-15,,0,500
Duocon Condomínios,2024-07-15,"4,9",9,500
CVR Condomínios,2024-07-15,"4,4",14,1000
Créditus condomínios,2024-07-15,,0,100
Ágata Condomínios,2024-07-15,"5,0",8,500
ADC Condomínios,2024-07-15,"4,7",22,1000
Dimas,2024-07-15,,0,100
Berger Condomínios,2024-07-15,"4,6",5,500
Grupo LRS,2024-07-15,"4,6",31,1000
Zimmermann Condomínios,2024-07-15,,0,100
Uptime Condomínios,2024-07-15,"4,5",17,1000
Zello Administradora,2024-07-15,,0,500
Tecad Condomínios,2024-07-15,"4,3",43,1000
Suporte Condominios,2024-07-15,"4,3",11,1000
Seval Condomínios,2024-07-15,"4,5",31,1000
Coelho & Martins,2024-07-15,"4,6",22,1000
Ático Contabilidade,2024-07-15,,0,10
Taquari Condomínios,2024-07-15,"4,3",35,1000
Robotton line,2024-07-15,"4,4",526,10000
ADFAP Condomínios,2024-07-15,,0,100
Khronos Condomínios,2024-07-15,"4,3",222,10000
Grupo Moraes Condomínios,2024-07-15,"4,9",18,1000
Zafira Condomínios,2024-07-15,"4,5",102,5000
Verti Administradora,2024-07-15,"4,7",50,5000
Grupo SK,2024-07-15,"4,6",276,10000
JAB Condomínios,2024-07-15,,0,100
Grupo CMS,2024-07-15,"4,2",73,5000
Convivium Condomínios,2024-07-15,"4,4",34,1000
Neval Condomínios,2024-07-15,"4,9",8,100
Loan Condomínios,2024-07-15,"4,8",11,500
FICAM Condomínios,2024-07-15,"4,9",27,1000
Exacto Condominios,2024-07-15,"4,6",109,5000
LLOYD,2024-07-15,"4,4",102,10000
Conviver Administradora,2024-07-15,,0,500
InovarAlfa condomínios,2024-07-15,,0,500
IATE MARINE,2024-07-15,,0,100
BLACK OFFICE CLASS,2024-07-15,"5,0",8,100
Attento Condomínios,2024-07-15,"4,7",79,5000
Gesta Administradora,2024-07-15,"4,7",7,1000
QUALLYGESTÃO PREDIAL,2024-07-15,"4,5",44,1000
CGC EXCELENT,2024-07-15,"3,2",8,500
Agecon Condomínios,2024-07-15,"4,7",10,1000
Pró-Radar Portaria Virtual,2024-07-15,"4,4",12,500
Condominium Assessoria,2024-07-15,"4,2",6,100
V.J GALLO Condomínios,2024-07-15,"4,8",12,500
SIS Check-in,2024-07-15,"4,8",19,1000
Conecta Sistemas Inteligentes,2024-07-15,,0,100
VIP Administradora,2024-07-15,,0,100
Adbens Condomínios,2024-07-15,"4,1",29,1000
Seven Condominios,2024-07-15,"4,8",30,1000
Fesan Condomínios,2024-07-15,,0,500
Assecon Contabilidade,2024-07-15,,0,100
Adinfor Administradora,2024-07-15,,0,100
Group Innovare,2024-07-15,"4,8",16,1000
SOUZA & REIS,2024-07-15,"4,6",37,1000
CRAS SEGURANÇA E MONITORAMENTO,2024-07-15,"3,9",31,10000
GRUPO REDETEL SEGURANÇA ELETRÔ,2024-07-15,,0,100
Portal do Flat Accor,2024-07-15,,0,100
Estância Parque Atibaia,2024-07-15,,0,100
Verde Administradora,2024-07-15,"4,1",8,1000
Zangari Condomínios,2024-07-15,"4,2",11,1000
OAB - Distrito Federal,2024-07-15,"3,3",7,1000
PartnerOnline,2024-07-15,,0,100
Nossa Casa Administradora,2024-07-15,"3,5",6,500
Bersi,2024-07-15,"4,7",114,10000
Villa Bella Administradora,2024-07-15,,0,50
Total Garantidora,2024-07-15,"3,9",37,5000
OMA Online,2024-07-15,"4,5",567,50000
AG Alphaville,2024-07-15,,0,100
RMA-I Condomínios,2024-07-15,,0,50
Cysne Condomínios,2024-07-15,"5,0",5,100
Now By Lumis,2024-07-15,,0,10
Sispac Condomínios,2024-07-15,"4,0",9,500
Graber Portaria Digital Plus,2024-07-15,,0,100
Easy Access PRO,2024-07-15,,0,100
Zenite Tech,2024-07-15,,0,10
Predial Ruggiero,2024-07-15,"5,0",5,100
Prop Starter Online,2024-07-15,"4,4",14,1000
Servis Segurança,2024-07-15,,0,100
Capbens Condomínios,2024-07-15,"5,0",5,100
Intuitive Tecnologia,2024-07-15,,0,500
R3S Acesso,2024-07-15,,0,100
Athus Administradora,2024-07-15,"4,8",18,1000
GIC IMÓVEIS,2024-07-15,,0,100
Rudder Segurança,2024-07-15,,0,100
DGT Administradora,2024-07-15,"4,6",28,5000
Smarthome-Even,2024-07-15,"4,2",15,1000
DM Share,2024-07-15,,0,1
PORTAL IM GRUPO,2024-07-15,,0,100
Administradora Angélica,2024-07-15,,0,100
Alliz Administradora,2024-07-15,"4,2",8,1000
Tecmóbili Condomínios,2024-07-15,"3,8",24,1000
Mercúrio-APP,2024-07-15,"4,8",36,5000
Solid Falcon,2024-07-15,,0,50
NN Negócios,2024-07-15,,0,50
Grupo STS,2024-07-15,,0,10
ADK Administradora,2024-07-15,,0,10
Grupo Evolua,2024-07-15,,0,100
RJJ SecureAccess,2024-07-15,,0,100
Iepê Golf Condomínio,2024-07-15,,0,5
JHI ADMINISTRADORA,2024-07-15,,0,100
Mario Dal Maso Administradora,2024-07-15,,0,500
Estanconfor Administradora,2024-07-15,,0,10
Gosuen Gestão Condominial,2024-07-15,,0,500
Suprema Administradora,2024-07-15,,0,100
Avenue Condomínios,2024-07-15,,0,100
Ícone Gestão Condominial,2024-07-15,"4,4",13,1000
Gescon Winker,2024-07-15,,0,10
Easy Safe Condomínios,2024-07-15,,0,100
Kato Condomínios,2024-07-15,,0,10
Beelive,2024-07-15,,0,50
Focus X Condomínios,2024-07-15,,0,5
Adaplan Condomínios,2024-07-15,,0,5
Clevertown,2024-07-15,,0,10
Lagoa Iate Clube,2024-07-15,,0,5
Dínamo,2024-07-15,,0,100
